<application>
  <component name="libraryTable">
    <library name="scala-sdk-2.11.12" type="Scala">
      <properties>
        <language-level>Scala_2_11</language-level>
        <compiler-classpath>
          <root url="file://D:/Dev/scala/lib/scala-compiler.jar" />
          <root url="file://D:/Dev/scala/lib/scala-library.jar" />
          <root url="file://D:/Dev/scala/lib/scala-reflect.jar" />
        </compiler-classpath>
      </properties>
      <CLASSES>
        <root url="jar://D:/Dev/scala/lib/scala-actors-2.11.0.jar!/" />
        <root url="jar://D:/Dev/scala/lib/scala-actors-migration_2.11-1.1.0.jar!/" />
        <root url="jar://D:/Dev/scala/lib/scala-library.jar!/" />
        <root url="jar://D:/Dev/scala/lib/scala-parser-combinators_2.11-1.0.4.jar!/" />
        <root url="jar://D:/Dev/scala/lib/scala-reflect.jar!/" />
        <root url="jar://D:/Dev/scala/lib/scala-swing_2.11-1.0.2.jar!/" />
        <root url="jar://D:/Dev/scala/lib/scala-xml_2.11-1.0.5.jar!/" />
      </CLASSES>
      <JAVADOC>
        <root url="jar://D:/Dev/scala/api/jars/scala-actors-2.11.0-javadoc.jar!/" />
        <root url="jar://D:/Dev/scala/api/jars/scala-actors-migration_2.11-1.1.0-javadoc.jar!/" />
        <root url="jar://D:/Dev/scala/api/jars/scala-library-2.11.12-javadoc.jar!/" />
        <root url="jar://D:/Dev/scala/api/jars/scala-parser-combinators_2.11-1.0.4-javadoc.jar!/" />
        <root url="jar://D:/Dev/scala/api/jars/scala-reflect-2.11.12-javadoc.jar!/" />
        <root url="jar://D:/Dev/scala/api/jars/scala-swing_2.11-1.0.2-javadoc.jar!/" />
        <root url="jar://D:/Dev/scala/api/jars/scala-xml_2.11-1.0.5-javadoc.jar!/" />
      </JAVADOC>
      <SOURCES />
    </library>
    <library name="Spring-4.3.18.RELEASE" type="spring">
      <properties version="4.3.18.RELEASE" />
      <CLASSES>
        <root url="jar://E:/workspace/IDEA_workspace/sc/Eureka/lib/spring-aspects-4.3.18.RELEASE.jar!/" />
        <root url="jar://E:/workspace/IDEA_workspace/sc/Eureka/lib/spring-context-support-4.3.18.RELEASE.jar!/" />
        <root url="jar://E:/workspace/IDEA_workspace/sc/Eureka/lib/spring-aop-4.3.18.RELEASE.jar!/" />
        <root url="jar://E:/workspace/IDEA_workspace/sc/Eureka/lib/spring-expression-4.3.18.RELEASE.jar!/" />
        <root url="jar://E:/workspace/IDEA_workspace/sc/Eureka/lib/spring-context-4.3.18.RELEASE.jar!/" />
        <root url="jar://E:/workspace/IDEA_workspace/sc/Eureka/lib/spring-instrument-tomcat-4.3.18.RELEASE.jar!/" />
        <root url="jar://E:/workspace/IDEA_workspace/sc/Eureka/lib/spring-instrument-4.3.18.RELEASE.jar!/" />
        <root url="jar://E:/workspace/IDEA_workspace/sc/Eureka/lib/spring-jdbc-4.3.18.RELEASE.jar!/" />
        <root url="jar://E:/workspace/IDEA_workspace/sc/Eureka/lib/spring-beans-4.3.18.RELEASE.jar!/" />
        <root url="jar://E:/workspace/IDEA_workspace/sc/Eureka/lib/spring-jms-4.3.18.RELEASE.jar!/" />
        <root url="jar://E:/workspace/IDEA_workspace/sc/Eureka/lib/spring-core-4.3.18.RELEASE.jar!/" />
        <root url="jar://E:/workspace/IDEA_workspace/sc/Eureka/lib/spring-messaging-4.3.18.RELEASE.jar!/" />
        <root url="jar://E:/workspace/IDEA_workspace/sc/Eureka/lib/spring-oxm-4.3.18.RELEASE.jar!/" />
        <root url="jar://E:/workspace/IDEA_workspace/sc/Eureka/lib/spring-tx-4.3.18.RELEASE.jar!/" />
        <root url="jar://E:/workspace/IDEA_workspace/sc/Eureka/lib/commons-logging-1.2.jar!/" />
        <root url="jar://E:/workspace/IDEA_workspace/sc/Eureka/lib/aopalliance-1.0.jar!/" />
        <root url="jar://E:/workspace/IDEA_workspace/sc/Eureka/lib/spring-test-4.3.18.RELEASE.jar!/" />
        <root url="jar://E:/workspace/IDEA_workspace/sc/Eureka/lib/spring-orm-4.3.18.RELEASE.jar!/" />
      </CLASSES>
      <JAVADOC />
      <SOURCES />
    </library>
  </component>
</application>